a	b	c	d	m	residual_chi	residual_chibar	floor	note
-1	-1	0	-1	0	0.000000e+00	0.000000e+00	0.000000e+00	T-periodicity (built in)
-156	29	-2141	398	1	8.493953e-11	8.493953e-11	1.789481e-47	scrambled=1.42e+00
-172	105	-2141	1307	1	1.304632e-11	1.304632e-11	6.313100e-48	scrambled=1.26e+00
-190	41	-2141	462	1	9.971379e-13	1.902113e+00	4.530122e-48	scrambled=1.01e+00
-200	61	-2141	653	1	7.667173e-12	7.667173e-12	4.383878e-48	scrambled=1.50e+00
-208	133	-2141	1369	1	2.028129e-12	1.902113e+00	3.631136e-48	scrambled=1.45e+00
-220	41	-2141	399	1	4.602868e-12	1.902113e+00	5.176325e-48	scrambled=1.23e+00
-222	59	-2141	569	1	3.186057e-12	1.175571e+00	8.177939e-48	scrambled=1.96e+00
-228	41	-2141	385	1	3.734913e-12	1.902113e+00	3.268746e-48	scrambled=1.02e+00
-231	41	-2141	380	1	2.374361e-12	1.175571e+00	3.229029e-48	scrambled=1.69e+00
-246	155	-2141	1349	1	7.371996e-12	1.175571e+00	4.428163e-48	scrambled=1.89e+00
-248	109	-2141	941	1	2.316523e-12	1.902113e+00	3.935252e-48	scrambled=1.30e+00
-509	366	-4282	3079	2	4.537521e-11	1.902113e+00	4.939423e-22	
-511	108	-4282	905	2	6.162811e-11	1.902113e+00	1.140937e-21	
-258	191	-2141	1585	1	6.242130e-11	1.175571e+00	1.259376e-47	
-260	81	-2141	667	1	1.603895e-11	1.175571e+00	2.872112e-47	
-272	101	-2141	795	1	1.214001e-11	1.214001e-11	1.877134e-47	
-276	173	-2141	1342	1	3.086210e-11	3.086210e-11	9.526062e-48	
-277	48	-2141	371	1	3.011310e-11	1.175571e+00	1.249212e-47	
-280	181	-2141	1384	1	1.000908e-10	1.902113e+00	8.713782e-48	
-282	179	-2141	1359	1	9.783246e-12	1.175571e+00	8.748616e-48	
-290	81	-2141	598	1	9.470884e-12	1.902113e+00	8.036623e-48	
-589	163	-4282	1185	2	4.723220e-11	1.175571e+00	1.873392e-22	
-296	133	-2141	962	1	2.830014e-11	1.902113e+00	4.946357e-48	
-625	168	-4282	1151	2	2.216307e-11	1.902113e+00	2.141952e-22	
-941	350	-6423	2389	3	1.267233e-10	1.902113e+00	1.168335e-13	
-316	89	-2141	603	1	1.937708e-11	1.902113e+00	7.403821e-48	
-318	101	-2141	680	1	2.585722e-11	2.585722e-11	9.585593e-48	
-320	181	-2141	1211	1	1.496053e-11	1.175571e+00	3.373610e-48	
-324	125	-2141	826	1	1.841513e-12	1.902113e+00	3.407600e-48	
-325	211	-2141	1390	1	1.076268e-11	1.175571e+00	4.108536e-48	
-327	95	-2141	622	1	8.348452e-12	1.175571e+00	3.690330e-48	
-332	205	-2141	1322	1	4.018916e-12	1.175571e+00	4.467797e-48	
-671	422	-4282	2693	2	1.695915e-10	1.902113e+00	7.014589e-22	
-336	293	-2141	1867	1	2.486370e-10	1.902113e+00	1.544599e-47	
-673	251	-4282	1597	2	2.133308e-10	1.902113e+00	1.489039e-21	
-340	101	-2141	636	1	1.709177e-11	1.902113e+00	9.831866e-48	
-343	62	-2141	387	1	1.839232e-12	1.902113e+00	3.452393e-48	
-1034	373	-6423	2317	3	5.911913e-11	1.175571e+00	6.284370e-14	
-348	197	-2141	1212	1	2.816005e-12	1.175571e+00	3.217222e-48	
-365	216	-2141	1267	1	3.746220e-11	3.746220e-11	7.064124e-48	
-737	279	-4282	1621	2	1.733262e-10	1.902113e+00	1.075662e-21	
-370	281	-2141	1626	1	1.993849e-11	1.993849e-11	8.985336e-48	
-374	305	-2141	1746	1	2.405318e-11	2.405318e-11	7.343129e-48	
-376	85	-2141	484	1	5.403527e-12	1.175571e+00	7.294866e-48	
-759	466	-4282	2629	2	3.338014e-11	1.902113e+00	1.514578e-22	
-381	134	-2141	753	1	1.322335e-11	1.902113e+00	3.535746e-48	
-383	161	-2141	900	1	1.145776e-11	1.145776e-11	4.082043e-48	
-1157	807	-6423	4480	3	7.346680e-10	7.346680e-10	2.619438e-13	
-393	230	-2141	1253	1	3.322930e-11	1.902113e+00	1.159015e-47	
-395	326	-2141	1767	1	7.063816e-11	7.063816e-11	9.983055e-48	
-795	448	-4282	2413	2	2.463013e-10	2.463013e-10	5.586264e-22	
-1989	1285	-10705	6916	5	7.006015e-10	1.175571e+00	1.479726e-06	
-3583	1511	-19269	8126	9	5.642382e-07	1.175571e+00	9.796001e-02	
-799	348	-4282	1865	2	1.424926e-10	1.424926e-10	7.333324e-22	
-1211	464	-6423	2461	3	5.628265e-11	1.175571e+00	7.380322e-14	
-809	454	-4282	2403	2	4.097048e-11	1.902113e+00	4.196154e-22	
-2028	1285	-10705	6783	5	1.998770e-09	1.998770e-09	4.450976e-06	
-2841	1079	-14987	5692	7	7.458143e-09	1.902113e+00	2.234016e-03	
-407	96	-2141	505	1	1.177310e-10	1.902113e+00	1.306398e-46	
-819	346	-4282	1809	2	3.756656e-11	1.175571e+00	4.711341e-22	
-821	603	-4282	3145	2	2.118842e-10	2.118842e-10	2.452563e-22	
-413	125	-2141	648	1	7.725349e-12	7.725349e-12	4.628678e-48	
-1247	723	-6423	3724	3	9.736380e-11	9.736380e-11	6.708732e-14	
-837	535	-4282	2737	2	2.782749e-11	1.175571e+00	1.429734e-22	
-440	261	-2141	1270	1	5.082515e-11	1.175571e+00	8.440225e-48	
-883	239	-4282	1159	2	9.927785e-11	9.927785e-11	2.505287e-22	
-444	281	-2141	1355	1	7.249249e-12	1.175571e+00	8.705424e-48	
-1340	387	-6423	1855	3	2.479747e-11	1.902113e+00	8.652853e-14	
-447	233	-2141	1116	1	1.585000e-11	1.902113e+00	4.261884e-48	
-3577	1049	-17128	5023	8	2.230171e-07	1.175571e+00	2.424963e-02	
-3133	1280	-14987	6123	7	8.511158e-09	1.175571e+00	9.670458e-04	
-448	181	-2141	865	1	1.868402e-11	1.175571e+00	6.121994e-48	
-897	190	-4282	907	2	7.047235e-10	1.175571e+00	3.177329e-21	
-449	177	-2141	844	1	2.072897e-10	1.175571e+00	6.537397e-47	
-1355	997	-6423	4726	3	1.168298e-10	1.175571e+00	1.439153e-13	
-4974	1927	-23551	9124	11	2.409170e-06	1.175571e+00	6.414033e-01	
-1364	615	-6423	2896	3	2.229292e-10	1.175571e+00	8.011836e-13	
-455	146	-2141	687	1	2.312641e-11	1.175571e+00	4.856371e-47	
-456	269	-2141	1263	1	5.247411e-11	5.247411e-11	1.139316e-47	
-461	104	-2141	483	1	7.993029e-12	7.993029e-12	6.863859e-48	
-6932	2051	-32115	9502	15	3.177389e-04	1.902170e+00	6.760235e+01	
-925	418	-4282	1935	2	1.644775e-11	1.644775e-11	2.254322e-22	
-2317	1614	-10705	7457	5	1.906852e-10	1.175571e+00	1.228396e-06	
-3245	768	-14987	3547	7	2.159169e-08	1.175571e+00	2.840427e-03	
-1855	754	-8564	3481	4	1.102714e-10	1.902113e+00	3.385601e-09	
-464	197	-2141	909	1	7.906742e-12	1.902113e+00	5.461822e-48	
-466	143	-2141	657	1	6.936260e-12	6.936260e-12	5.004855e-48	
-467	402	-2141	1843	1	8.714168e-12	1.175571e+00	4.028225e-48	
-468	341	-2141	1560	1	2.697840e-11	1.175571e+00	5.730495e-48	
-6094	1687	-27833	7705	13	1.538899e-05	1.902113e+00	2.670213e+00	
-3282	2597	-14987	11859	7	4.519004e-09	1.902113e+00	7.265555e-04	
-469	223	-2141	1018	1	1.685477e-11	1.685477e-11	3.995027e-48	
-4225	2479	-19269	11306	9	7.009306e-07	1.175571e+00	2.434065e-01	
-2348	549	-10705	2503	5	3.784655e-10	1.902113e+00	2.768655e-06	
-941	525	-4282	2389	2	2.136632e-10	1.902113e+00	2.598845e-22	
-472	125	-2141	567	1	3.472656e-12	1.902113e+00	4.937345e-48	
-481	133	-2141	592	1	3.759462e-11	1.175571e+00	5.002344e-48	
-485	111	-2141	490	1	1.795016e-11	1.902113e+00	9.631713e-48	
-488	173	-2141	759	1	4.024364e-12	1.902113e+00	4.728255e-48	
-1466	535	-6423	2344	3	2.770020e-10	1.902113e+00	2.301671e-13	
-1955	854	-8564	3741	4	3.539209e-10	1.175571e+00	3.436488e-09	
-6356	2773	-27833	12143	13	5.373846e-05	1.175601e+00	8.518337e+00	
-6358	2325	-27833	10178	13	3.967234e-05	1.902116e+00	6.190822e+00	
-496	357	-2141	1541	1	1.502812e-11	1.175571e+00	8.095590e-48	
-995	313	-4282	1347	2	7.213940e-11	7.213940e-11	3.377414e-22	
-499	382	-2141	1639	1	5.518160e-11	1.902113e+00	2.302218e-47	
-4001	1463	-17128	6263	8	9.572317e-08	1.902113e+00	1.571333e-02	
-1501	609	-6423	2606	3	2.089073e-10	1.175571e+00	1.602170e-13	
-502	385	-2141	1642	1	1.526247e-10	1.902113e+00	1.558962e-47	
-1519	429	-6423	1814	3	5.596041e-10	1.175571e+00	2.013274e-13	
-1522	577	-6423	2435	3	2.129190e-10	1.175571e+00	1.442519e-13	
-3047	1116	-12846	4705	6	4.701736e-09	4.701736e-09	4.502515e-04	
-509	223	-2141	938	1	4.298197e-11	1.902113e+00	5.937655e-48	
-511	216	-2141	905	1	1.601763e-11	1.902113e+00	6.776606e-48	
-515	426	-2141	1771	1	9.157631e-11	9.157631e-11	1.689304e-47	
-2073	785	-8564	3243	4	9.008592e-10	1.175571e+00	1.461436e-08	
-522	197	-2141	808	1	5.827697e-11	1.902113e+00	1.242138e-47	
-554	325	-2141	1256	1	2.525501e-10	1.175571e+00	8.343760e-48	
-556	489	-2141	1883	1	5.415690e-11	1.175571e+00	5.874391e-48	
-2225	1384	-8564	5327	4	2.591618e-10	1.175571e+00	2.756950e-09	
-558	233	-2141	894	1	1.056398e-10	1.056398e-10	2.335700e-47	
-1679	510	-6423	1951	3	4.275350e-11	1.902113e+00	7.650853e-14	
-1121	505	-4282	1929	2	2.345543e-10	1.175571e+00	7.079686e-22	
-1684	651	-6423	2483	3	1.514688e-10	1.902113e+00	8.308499e-14	
-3933	1040	-14987	3963	7	2.140052e-09	2.140052e-09	8.270220e-04	
-1125	418	-4282	1591	2	3.549175e-10	1.902113e+00	1.024936e-21	
-1129	468	-4282	1775	2	1.305050e-10	1.305050e-10	3.007538e-22	
-3391	2130	-12846	8069	6	5.360445e-09	5.360445e-09	7.947969e-05	
-2261	1041	-8564	3943	4	2.083856e-09	1.175571e+00	1.003632e-08	
-1697	1339	-6423	5068	3	1.722587e-10	1.175571e+00	9.787943e-14	
-5093	2812	-19269	10639	9	6.446588e-08	1.175571e+00	4.990721e-02	
-3964	1519	-14987	5743	7	3.997339e-09	3.997339e-09	7.607857e-04	
-2273	1313	-8564	4947	4	7.878575e-10	1.175571e+00	3.475728e-09	
-574	237	-2141	884	1	4.863629e-11	1.175571e+00	2.771113e-47	
-575	311	-2141	1158	1	1.688099e-11	1.175571e+00	5.117052e-48	
-1727	527	-6423	1960	3	1.828532e-10	1.175571e+00	1.493986e-13	
-578	169	-2141	626	1	2.855340e-11	1.175571e+00	1.242285e-47	
-579	311	-2141	1150	1	1.051308e-11	1.175571e+00	4.840221e-48	
-581	454	-2141	1673	1	5.320568e-11	1.175571e+00	4.095068e-48	
-586	433	-2141	1582	1	4.194123e-11	1.175571e+00	1.083925e-47	
-1175	818	-4282	2981	2	8.958004e-11	1.902113e+00	2.442989e-22	
-588	209	-2141	761	1	1.702316e-11	1.902113e+00	3.973007e-48	
-590	361	-2141	1310	1	4.450424e-11	4.450424e-11	4.759623e-48	
-2964	1285	-10705	4641	5	3.875886e-10	1.902113e+00	6.175705e-07	
-593	421	-2141	1520	1	2.747158e-11	1.902113e+00	4.157306e-48	
-596	233	-2141	837	1	1.171359e-10	1.175571e+00	3.522902e-47	
-3581	1335	-12846	4789	6	1.372767e-09	1.175571e+00	8.045528e-05	
-6566	4625	-23551	16589	11	1.065193e-05	1.175571e+00	8.754087e-01	
-2389	1457	-8564	5223	4	4.658784e-10	1.902113e+00	2.488733e-09	
-599	350	-2141	1251	1	2.023497e-11	1.175571e+00	7.589714e-48	
-600	461	-2141	1645	1	1.517349e-11	1.175571e+00	7.828922e-48	
-1802	1235	-6423	4402	3	6.045639e-10	1.175571e+00	4.327946e-13	
-5410	2049	-19269	7298	9	1.859398e-06	1.859398e-06	2.492195e-01	
-1804	571	-6423	2033	3	2.816899e-10	1.902113e+00	2.958865e-13	
-1203	1060	-4282	3773	2	4.943969e-10	1.902113e+00	4.392966e-22	
-2407	1898	-8564	6753	4	3.413976e-10	1.175571e+00	2.416616e-09	
-607	184	-2141	649	1	1.466007e-11	1.902113e+00	4.075530e-48	
-616	349	-2141	1213	1	6.112264e-12	1.175571e+00	3.472014e-48	
-619	534	-2141	1847	1	4.866474e-11	1.175571e+00	4.020415e-48	
-621	449	-2141	1548	1	6.771919e-11	1.902113e+00	6.035614e-48	
-1247	461	-4282	1583	2	2.213671e-11	2.213671e-11	1.723791e-22	
-4388	1851	-14987	6322	7	4.534091e-09	1.175571e+00	8.510104e-04	
-11287	4718	-38538	16109	18	1.343312e-03	1.175593e+00	2.206518e+02	
-5017	1558	-17128	5319	8	5.522349e-07	1.175571e+00	5.718116e-02	
-1882	1291	-6423	4406	3	9.274619e-09	9.274619e-09	7.305806e-13	
-10671	3157	-36397	10768	17	3.925154e-04	1.175571e+00	1.136310e+02	
-8161	5625	-27833	19184	13	5.958911e-05	1.175577e+00	1.550554e+01	
-1257	460	-4282	1567	2	6.413568e-11	1.175571e+00	6.606188e-22	
-632	405	-2141	1372	1	2.508919e-11	1.175571e+00	6.447129e-48	
-3164	1985	-10705	6716	5	2.689879e-10	1.902113e+00	7.882859e-07	
-6329	3858	-21410	13051	10	1.373040e-06	1.373040e-06	3.608507e-01	
-15826	11191	-53525	37849	25	4.437808e-03	1.902101e+00	1.584682e+03	
-10762	7419	-36397	25091	17	7.160818e-04	1.175941e+00	1.557560e+02	
-3799	1130	-12846	3821	6	1.847667e-09	1.847667e-09	1.965476e-04	
-634	191	-2141	645	1	1.968896e-11	1.175571e+00	8.160719e-48	
-635	261	-2141	880	1	3.930695e-12	1.175571e+00	4.902976e-48	
-1275	943	-4282	3167	2	5.355860e-10	1.902113e+00	8.312579e-22	
-638	371	-2141	1245	1	3.422778e-10	1.902113e+00	2.739140e-47	
-1949	1120	-6423	3691	3	1.253473e-10	1.902113e+00	1.517294e-13	
-651	419	-2141	1378	1	2.036269e-11	1.175571e+00	4.155700e-48	
-652	289	-2141	949	1	5.914543e-13	1.902113e+00	3.494764e-48	
-1958	1341	-6423	4399	3	4.349014e-10	1.902113e+00	1.204133e-13	
-655	361	-2141	1180	1	2.908011e-11	1.902113e+00	4.380922e-48	
-662	457	-2141	1478	1	9.790749e-11	1.902113e+00	6.085887e-47	
-663	458	-2141	1479	1	1.733732e-10	1.902113e+00	2.935575e-47	
-5987	4179	-19269	13450	9	1.441758e-06	1.175571e+00	2.911750e-01	
-12641	8013	-40679	25786	19	8.714454e-04	8.714454e-04	1.975488e+02	
-1331	829	-4282	2667	2	5.572246e-10	1.902113e+00	6.054668e-22	
-1333	504	-4282	1619	2	7.586275e-11	1.902113e+00	5.104075e-22	
-1341	787	-4282	2513	2	1.699986e-11	1.175571e+00	3.176742e-22	
-2017	1426	-6423	4541	3	1.192783e-09	1.192783e-09	1.628525e-13	
-1349	752	-4282	2387	2	1.068465e-10	1.175571e+00	2.664386e-22	
-2024	1407	-6423	4465	3	5.142238e-10	1.902113e+00	7.307197e-14	
-683	245	-2141	768	1	1.910322e-11	1.902113e+00	4.442219e-48	
-740	281	-2141	813	1	2.997687e-11	1.902113e+00	4.070468e-48	
-742	419	-2141	1209	1	3.389648e-11	1.902113e+00	4.569295e-48	
-746	323	-2141	927	1	1.214161e-11	1.214161e-11	3.176320e-48	
-748	305	-2141	873	1	4.680341e-11	1.902113e+00	7.554007e-48	
-751	637	-2141	1816	1	1.309365e-11	1.175571e+00	3.265736e-48	
-1503	1066	-4282	3037	2	1.348853e-10	1.902113e+00	1.810909e-22	
-767	302	-2141	843	1	7.537088e-11	1.175571e+00	1.024649e-47	
-769	542	-2141	1509	1	4.231860e-11	1.175571e+00	7.472827e-48	
-1543	667	-4282	1851	2	5.042828e-11	1.902113e+00	2.032189e-22	
-6175	4292	-17128	11905	8	4.756595e-08	1.902113e+00	9.150233e-03	
-772	697	-2141	1933	1	7.348498e-12	1.902113e+00	3.254069e-48	
-3863	1394	-10705	3863	5	2.931350e-10	2.931350e-10	6.787922e-07	
-774	449	-2141	1242	1	3.933295e-11	3.933295e-11	5.429370e-48	
-782	679	-2141	1859	1	6.864484e-11	1.175571e+00	1.093182e-47	
-2348	915	-6423	2503	3	8.596366e-11	1.902113e+00	1.185636e-13	
-783	719	-2141	1966	1	2.109474e-11	1.902113e+00	7.222399e-48	
-3922	3179	-10705	8677	5	3.496919e-09	3.496919e-09	5.386787e-06	
-5492	2095	-14987	5717	7	1.626829e-08	1.175571e+00	2.563837e-03	
-1571	729	-4282	1987	2	6.866137e-10	1.902113e+00	5.105071e-22	
-3143	1279	-8564	3485	4	3.374859e-10	1.902113e+00	4.287515e-09	
-786	623	-2141	1697	1	1.156745e-11	1.175571e+00	1.271082e-47	
-787	440	-2141	1197	1	3.081440e-11	1.175571e+00	3.924737e-48	
-3949	2756	-10705	7471	5	2.718801e-09	1.902113e+00	3.364890e-06	
-790	721	-2141	1954	1	5.159414e-11	1.902113e+00	6.658905e-48	
-2371	1859	-6423	5036	3	2.085104e-10	1.175571e+00	9.070816e-14	
-791	433	-2141	1172	1	4.979495e-11	1.175571e+00	5.497426e-48	
-792	701	-2141	1895	1	3.908954e-11	1.175571e+00	3.859180e-48	
-1585	888	-4282	2399	2	6.637440e-11	1.175571e+00	1.677112e-22	
-794	425	-2141	1146	1	4.755849e-10	4.755849e-10	5.217935e-47	
-1589	1340	-4282	3611	2	3.275153e-10	1.902113e+00	2.438199e-22	
-6369	3730	-17128	10031	8	1.569642e-07	1.569642e-07	4.717907e-02	
-797	424	-2141	1139	1	6.766330e-11	1.902113e+00	9.223263e-48	
-1615	1113	-4282	2951	2	1.270964e-09	1.902113e+00	1.449463e-21	
-2426	925	-6423	2449	3	2.195781e-10	1.175571e+00	1.815749e-13	
-3245	1344	-8564	3547	4	1.915651e-09	1.175571e+00	6.116719e-09	
-2440	1847	-6423	4862	3	8.142264e-10	8.142264e-10	2.531235e-13	
-4067	2531	-10705	6662	5	8.756756e-10	1.902113e+00	2.902529e-06	
-814	503	-2141	1323	1	3.698160e-11	1.175571e+00	5.284145e-48	
-817	535	-2141	1402	1	7.129269e-11	1.175571e+00	8.494070e-48	
-2452	1067	-6423	2795	3	4.325144e-10	1.902113e+00	1.171884e-13	
-818	507	-2141	1327	1	5.206156e-11	1.175571e+00	5.969177e-48	
-819	692	-2141	1809	1	2.443904e-11	1.175571e+00	4.097040e-48	
-2459	1080	-6423	2821	3	1.774924e-10	1.774924e-10	7.237376e-14	
-821	385	-2141	1004	1	3.460481e-12	3.460481e-12	3.742158e-48	
-1643	1031	-4282	2687	2	1.927432e-10	1.902113e+00	2.992261e-22	
-1653	1360	-4282	3523	2	1.517695e-10	1.902113e+00	1.748248e-22	
-7441	4315	-19269	11174	9	3.254524e-07	3.254524e-07	4.689148e-02	
-827	737	-2141	1908	1	4.025437e-12	1.902113e+00	3.244093e-48	
-828	449	-2141	1161	1	2.509242e-11	1.175571e+00	3.577187e-48	
-829	472	-2141	1219	1	9.686324e-12	1.902113e+00	4.213797e-48	
-7466	2911	-19269	7513	9	4.630301e-07	1.175571e+00	5.182946e-02	
-830	371	-2141	957	1	2.424309e-11	1.175571e+00	3.733962e-48	
-831	602	-2141	1551	1	1.101558e-10	1.101558e-10	5.074216e-48	
-4176	2545	-10705	6524	5	6.766881e-10	1.175571e+00	1.364404e-06	
-2516	1031	-6423	2632	3	1.184810e-09	1.902113e+00	1.337478e-13	
-2518	1859	-6423	4742	3	8.362624e-10	1.175571e+00	1.329649e-13	
-840	461	-2141	1175	1	1.292628e-10	1.902113e+00	1.139567e-47	
-874	725	-2141	1776	1	6.088617e-11	6.088617e-11	4.042726e-48	
-875	461	-2141	1128	1	1.121648e-10	1.121648e-10	9.160546e-48	
-2630	1687	-6423	4120	3	6.733177e-10	1.175571e+00	4.693589e-13	
-878	691	-2141	1685	1	7.058121e-11	7.058121e-11	1.111439e-47	
-1769	1215	-4282	2941	2	4.920963e-10	1.175571e+00	3.830159e-22	
-7963	6217	-19269	15044	9	1.224121e-06	1.175571e+00	1.055646e-01	
-6194	4745	-14987	11481	7	1.021978e-08	1.902113e+00	2.061505e-03	
-885	656	-2141	1587	1	2.880146e-09	1.175571e+00	3.345363e-47	
-888	725	-2141	1748	1	2.474055e-11	1.902113e+00	5.144517e-48	
-890	641	-2141	1542	1	1.708296e-10	1.175571e+00	8.399389e-48	
-6266	4413	-14987	10555	7	3.925613e-09	1.902113e+00	1.732711e-03	
-896	629	-2141	1503	1	1.853226e-10	1.902113e+00	7.437970e-48	
-897	380	-2141	907	1	3.373806e-11	1.175571e+00	4.812124e-48	
-899	574	-2141	1367	1	4.531136e-11	4.531136e-11	3.228214e-48	
-1805	1018	-4282	2415	2	2.465424e-08	1.902113e+00	1.343470e-20	
-1807	1009	-4282	2391	2	2.206135e-10	1.902113e+00	2.109542e-22	
-923	510	-2141	1183	1	1.633863e-10	1.175571e+00	5.521997e-48	
-929	778	-2141	1793	1	8.515823e-12	1.175571e+00	3.147909e-48	
-1859	1269	-4282	2923	2	2.590250e-10	1.175571e+00	3.624866e-22	
-930	791	-2141	1821	1	8.301378e-11	1.175571e+00	5.670098e-48	
-1867	1080	-4282	2477	2	5.100472e-10	1.902113e+00	2.594138e-22	
-8405	5944	-19269	13627	9	3.066870e-07	1.902113e+00	4.910467e-02	
-1869	1522	-4282	3487	2	5.153486e-10	5.153486e-10	5.294708e-22	
-4696	2897	-10705	6604	5	4.314112e-09	1.175571e+00	1.287718e-06	
-1879	1524	-4282	3473	2	1.874664e-10	1.902113e+00	2.227440e-22	
-944	597	-2141	1354	1	4.401792e-11	1.175571e+00	5.521542e-48	
-1891	1093	-4282	2475	2	2.509955e-10	1.902113e+00	3.354687e-22	
-2840	2087	-6423	4720	3	5.588600e-10	1.175571e+00	7.736293e-14	
-961	667	-2141	1486	1	7.558049e-12	1.902113e+00	4.515308e-48	
-1923	1504	-4282	3349	2	5.544697e-11	1.902113e+00	2.055431e-22	
-966	587	-2141	1301	1	1.757061e-10	1.902113e+00	3.800658e-47	
-969	611	-2141	1350	1	2.378343e-11	1.175571e+00	4.556945e-48	
-977	721	-2141	1580	1	2.621883e-11	1.175571e+00	4.932371e-48	
-2933	1843	-6423	4036	3	4.250144e-10	1.175571e+00	1.039743e-13	
-4892	3017	-10705	6602	5	4.323936e-10	1.175571e+00	7.795440e-07	
-980	601	-2141	1313	1	2.879095e-11	1.175571e+00	3.291930e-48	
-983	719	-2141	1566	1	1.055677e-10	1.175571e+00	1.307082e-47	
-1969	1368	-4282	2975	2	1.788787e-10	1.788787e-10	1.928203e-22	
-2956	2123	-6423	4613	3	2.868849e-09	2.868849e-09	3.554266e-13	
-991	723	-2141	1562	1	5.737427e-11	1.175571e+00	6.270946e-48	
-995	626	-2141	1347	1	1.914214e-10	1.914214e-10	5.622851e-48	
-1010	601	-2141	1274	1	1.111063e-10	1.111063e-10	6.108286e-48	
-1013	599	-2141	1266	1	5.201090e-11	5.201090e-11	6.479238e-48	
-1123	877	-2141	1672	1	1.078305e-10	1.078305e-10	4.310064e-48	
-1137	701	-2141	1320	1	9.872060e-12	9.872060e-12	3.627151e-48	
-4727	2884	-8564	5225	4	7.941931e-10	1.902113e+00	3.139379e-09	
-1184	725	-2141	1311	1	1.203991e-10	1.175571e+00	3.975842e-48	
-3602	2223	-6423	3964	3	1.923490e-10	1.923490e-10	7.445947e-14	
-8415	5333	-14987	9498	7	2.092072e-08	1.902113e+00	2.344519e-03	
-8416	4931	-14987	8781	7	3.957688e-08	3.957688e-08	7.197103e-03	
-1203	917	-2141	1632	1	1.954159e-10	1.902113e+00	2.005125e-47	
-1208	1085	-2141	1923	1	2.869144e-09	1.902113e+00	8.276241e-48	
-4833	3548	-8564	6287	4	1.127581e-09	1.902113e+00	2.475570e-09	
-2417	1966	-4282	3483	2	9.846198e-10	9.846198e-10	6.790276e-22	
-1214	791	-2141	1395	1	7.605838e-11	7.605838e-11	3.942729e-48	
-2429	1438	-4282	2535	2	2.539449e-10	1.902113e+00	2.115773e-22	
-2431	1555	-4282	2739	2	1.737563e-10	1.902113e+00	1.976391e-22	
-1228	729	-2141	1271	1	8.940967e-11	1.175571e+00	1.028214e-47	
-3688	2647	-6423	4610	3	7.197460e-10	1.175571e+00	1.109572e-13	
-1232	965	-2141	1677	1	5.719199e-11	1.902113e+00	4.543385e-48	
-1234	717	-2141	1244	1	4.136801e-10	1.175571e+00	1.157533e-47	
-1236	941	-2141	1630	1	2.085354e-10	1.902113e+00	2.425540e-47	
-2473	2000	-4282	3463	2	9.245924e-11	1.175571e+00	4.062093e-22	
-1241	1019	-2141	1758	1	1.168553e-11	1.168553e-11	3.216652e-48	
-2507	1846	-4282	3153	2	2.337592e-10	2.337592e-10	1.877341e-22	
-5017	3116	-8564	5319	4	5.782937e-09	1.175571e+00	1.331110e-08	
-1257	920	-2141	1567	1	3.648423e-10	1.175571e+00	2.821548e-47	
-1261	887	-2141	1506	1	3.295649e-11	1.175571e+00	5.473902e-48	
-1262	1061	-2141	1800	1	4.686319e-11	1.902113e+00	5.601436e-48	
-2543	1553	-4282	2615	2	1.256611e-10	1.175571e+00	2.263380e-22	
-3817	2925	-6423	4922	3	4.154280e-10	1.175571e+00	1.518629e-13	
-1276	1009	-2141	1693	1	4.239487e-11	1.175571e+00	4.626165e-48	
-1295	1021	-2141	1688	1	4.407760e-11	1.902113e+00	5.069911e-48	
-1297	1025	-2141	1692	1	2.953191e-10	1.175571e+00	6.675604e-48	
-1298	833	-2141	1374	1	1.577607e-10	1.175571e+00	4.570262e-48	
-1304	941	-2141	1545	1	1.591545e-10	1.175571e+00	7.158336e-48	
-3920	2487	-6423	4075	3	5.260486e-10	1.902113e+00	1.356389e-13	
-1315	1116	-2141	1817	1	9.681042e-11	1.902113e+00	3.256375e-48	
-9244	6799	-14987	11023	7	2.958427e-09	2.958427e-09	9.037356e-04	
-7981	5453	-12846	8777	6	2.231953e-09	1.902113e+00	1.554192e-04	
-5321	4033	-8564	6491	4	4.245971e-09	1.175571e+00	7.837540e-09	
-2661	2203	-4282	3545	2	4.683211e-10	1.902113e+00	1.676919e-21	
-2663	1834	-4282	2949	2	1.106012e-10	1.902113e+00	5.248035e-22	
-2699	1913	-4282	3035	2	1.924996e-10	1.924996e-10	1.545672e-22	
-13571	10737	-21410	16939	10	5.112683e-07	1.902113e+00	2.391098e-01	
-2715	1918	-4282	3025	2	2.194256e-09	1.175571e+00	1.070395e-21	
-6842	4373	-10705	6842	5	8.469371e-10	8.469371e-10	5.721693e-07	
-4106	3445	-6423	5389	3	2.740319e-10	1.175571e+00	6.181546e-14	
-1373	935	-2141	1458	1	7.056419e-11	1.902113e+00	7.524266e-48	
-1380	1001	-2141	1553	1	1.194970e-11	1.902113e+00	4.709383e-48	
-1382	1067	-2141	1653	1	2.413654e-10	1.902113e+00	5.345164e-48	
-1388	1141	-2141	1760	1	3.280349e-11	1.902113e+00	3.299598e-48	
-4390	3157	-6423	4619	3	1.779137e-09	1.902113e+00	2.113149e-13	
-1492	1069	-2141	1534	1	5.981739e-11	1.902113e+00	5.441312e-48	
-1493	1205	-2141	1728	1	2.398121e-10	2.398121e-10	6.011891e-48	
-1496	1053	-2141	1507	1	3.231186e-11	1.175571e+00	4.741731e-48	
-1515	1106	-2141	1563	1	1.260068e-10	1.175571e+00	5.833348e-48	
-4609	3519	-6423	4904	3	2.590688e-09	1.175571e+00	6.115342e-13	
-1538	1311	-2141	1825	1	2.691494e-10	1.902113e+00	9.320277e-48	
-1543	1334	-2141	1851	1	1.194822e-10	1.902113e+00	7.540206e-48	
-1549	1201	-2141	1660	1	1.181476e-10	1.175571e+00	4.185933e-48	
-3099	2431	-4282	3359	2	1.454817e-10	1.175571e+00	2.323009e-22	
-1574	1227	-2141	1669	1	2.157387e-11	1.902113e+00	4.562053e-48	
-1636	1325	-2141	1734	1	3.216637e-10	1.902113e+00	1.791252e-47	
-1650	1361	-2141	1766	1	8.083672e-11	1.902113e+00	9.651054e-48	
-1651	1277	-2141	1656	1	1.729254e-10	1.902113e+00	5.422485e-48	
-1770	1541	-2141	1864	1	7.798456e-10	1.175571e+00	1.527101e-47	
